<?xml version="1.0" encoding="UTF-8"?>

<!-- - Sample namespace-based configuration - -->

<beans:beans xmlns="http://www.springframework.org/schema/security"
	xmlns:beans="http://www.springframework.org/schema/beans" xmlns:xsi="http://www.w3.org/2001/XMLSchema-instance"
	xsi:schemaLocation="http://www.springframework.org/schema/beans http://www.springframework.org/schema/beans/spring-beans-3.0.xsd
                        http://www.springframework.org/schema/security http://www.springframework.org/schema/security/spring-security-3.0.xsd">

	<global-method-security pre-post-annotations="enabled">
		<!-- AspectJ pointcut expression that locates our "post" method and applies 
			security that way <protect-pointcut expression="execution(* bigbank.*Service.post*(..))" 
			access="ROLE_TELLER"/> -->
	</global-method-security>


	<http use-expressions="true" access-denied-page="/denied-page.jsp" >
		<!-- <intercept-url pattern="/proyectos/**"  access="hasRole('ROL_ADMIN') or hasRole('ROL_SUP')" />  -->
		<intercept-url pattern="/**" access="isAuthenticated()" />

		<intercept-url pattern="/css/**" filters="none" />
		<intercept-url pattern="/js/**" filters="none" />
		<intercept-url pattern="/img/**" filters="none" />
		<intercept-url pattern="/login.jsp" filters="none" />
		
		<form-login login-page="/login.jsp"  login-processing-url="/j_spring_security_check"
			default-target-url="/index.jsp"  always-use-default-target="true" authentication-failure-url="/login.jsp?login_error=true" />

	</http>

	<authentication-manager >

		<authentication-provider  >
			<jdbc-user-service data-source-ref="dataSource"   
				authorities-by-username-query="SELECT USUARIO.nombreUsuario as UserName, ROL.NOMBRE as Authority
					 FROM USUARIO, ROL
					 WHERE USUARIO.IDROL = ROL.ID AND USUARIO.nombreUsuario = ?" 
					       
				users-by-username-query="SELECT
					  u.nombreUsuario AS UserName,
					  u.password AS Password,
					  u.habilitado AS Enabled
					FROM
					  usuario u
					WHERE
					  u.nombreUsuario = ?" ></jdbc-user-service>
		</authentication-provider>
	</authentication-manager>


	<!-- Usernames/Passwords are rod/koala dianne/emu scott/wombat peter/opal -->
	<!-- <authentication-manager> <authentication-provider> <password-encoder 
		hash="md5" /> <user-service> <user name="rod" password="a564de63c2d0da68cf47586ee05984d7" 
		authorities="ROLE_SUPERVISOR, ROLE_USER, ROLE_TELLER" /> <user name="dianne" 
		password="65d15fe9156f9c4bbffd98085992a44e" authorities="ROLE_USER,ROLE_TELLER" 
		/> <user name="scott" password="2b58af6dddbd072ed27ffc86725d7d3a" authorities="ROLE_USER" 
		/> <user name="peter" password="22b5c9accc6e1ba628cedc63a72d57f8" authorities="ROLE_USER" 
		/> </user-service> </authentication-provider> </authentication-manager> -->
</beans:beans>

